{"F1": 0.70524762, "Recall": 0.70794255, "Precision": 0.7127542, "Accuracy": 0.78}